,age,balance,day,duration,campaign,pdays,previous
age,1.0,0.07602026530585394,-0.005409484584595746,0.0015877737628348138,0.019218011952959534,-0.02892033369230144,0.004603366212879209
balance,0.07602026530585394,1.0,-0.016427847105632356,0.09494586941050419,-0.03649176345390795,0.00973592640978825,0.03582141868582792
day,-0.005409484584595746,-0.016427847105632356,1.0,-0.04854192247581136,0.19122077942167984,-0.08920511520192531,-0.0609481941309379
duration,0.0015877737628348138,0.09494586941050419,-0.04854192247581136,1.0,-0.097830408615843,0.04557131680333437,0.029919530978421028
campaign,0.019218011952959534,-0.03649176345390795,0.19122077942167984,-0.097830408615843,1.0,-0.05423623511791073,-0.029520437714408945
pdays,-0.02892033369230144,0.00973592640978825,-0.08920511520192531,0.04557131680333437,-0.05423623511791073,1.0,0.5706764212304506
previous,0.004603366212879209,0.03582141868582792,-0.0609481941309379,0.029919530978421028,-0.029520437714408945,0.5706764212304506,1.0
