{
    "accuracy": 0.92,
    "precision": 0.9147674349856838,
    "recall": 0.92,
    "f1": 0.9164758395955277,
    "auc": 0.9404214012582592
}