{
    "accuracy": 0.919,
    "precision": 0.9114985522541087,
    "recall": 0.919,
    "f1": 0.9120591691538452,
    "auc": 0.9449187226805121
}