{
    "accuracy": 0.919,
    "precision": 0.9115612748740815,
    "recall": 0.919,
    "f1": 0.9122751465907876,
    "auc": 0.9358851573059948
}