{
    "train_data": {
        "shape": [
            10000,
            18
        ],
        "missing_values": {
            "id": 0,
            "age": 0,
            "job": 0,
            "marital": 0,
            "education": 0,
            "default": 0,
            "balance": 0,
            "housing": 0,
            "loan": 0,
            "contact": 0,
            "day": 0,
            "month": 0,
            "duration": 0,
            "campaign": 0,
            "pdays": 0,
            "previous": 0,
            "poutcome": 0,
            "y": 0
        },
        "duplicates": 0,
        "numeric_columns": {
            "id": {
                "mean": 375395.7574,
                "std": 215829.53590458518,
                "min": 84.0,
                "max": 749992.0
            },
            "age": {
                "mean": 40.9016,
                "std": 10.111544974640493,
                "min": 19.0,
                "max": 93.0
            },
            "balance": {
                "mean": 1183.7881,
                "std": 2821.1241687944125,
                "min": -8019.0,
                "max": 88988.0
            },
            "day": {
                "mean": 16.148,
                "std": 8.265018272980724,
                "min": 1.0,
                "max": 31.0
            },
            "duration": {
                "mean": 256.2109,
                "std": 275.03809011897175,
                "min": 4.0,
                "max": 4785.0
            },
            "campaign": {
                "mean": 2.6401,
                "std": 2.8037756874990163,
                "min": 1.0,
                "max": 41.0
            },
            "pdays": {
                "mean": 20.6973,
                "std": 74.44830641285787,
                "min": -1.0,
                "max": 746.0
            },
            "previous": {
                "mean": 0.2977,
                "std": 1.349168905539098,
                "min": 0.0,
                "max": 32.0
            },
            "y": {
                "mean": 0.1207,
                "std": 0.32579460433288526,
                "min": 0.0,
                "max": 1.0
            }
        }
    },
    "test_data": {
        "shape": [
            10000,
            18
        ],
        "missing_values": {
            "id": 0,
            "age": 0,
            "job": 0,
            "marital": 0,
            "education": 0,
            "default": 0,
            "balance": 0,
            "housing": 0,
            "loan": 0,
            "contact": 0,
            "day": 0,
            "month": 0,
            "duration": 0,
            "campaign": 0,
            "pdays": 0,
            "previous": 0,
            "poutcome": 0
        },
        "duplicates": 0,
        "numeric_columns": {
            "id": {
                "mean": 876579.5556,
                "std": 72313.41543772232,
                "min": 750041.0,
                "max": 999923.0
            },
            "age": {
                "mean": 41.0112,
                "std": 10.144606437704242,
                "min": 18.0,
                "max": 86.0
            },
            "balance": {
                "mean": 1184.9024,
                "std": 2481.8909831850406,
                "min": -6847.0,
                "max": 57435.0
            },
            "day": {
                "mean": 16.1672,
                "std": 8.34212686263143,
                "min": 1.0,
                "max": 31.0
            },
            "duration": {
                "mean": 259.1076,
                "std": 269.28706435967655,
                "min": 4.0,
                "max": 2420.0
            },
            "campaign": {
                "mean": 2.58,
                "std": 2.6714892367173704,
                "min": 1.0,
                "max": 35.0
            },
            "pdays": {
                "mean": 21.1596,
                "std": 73.87509146861206,
                "min": -1.0,
                "max": 524.0
            },
            "previous": {
                "mean": 0.3096,
                "std": 1.4347722009111423,
                "min": 0.0,
                "max": 23.0
            }
        }
    }
}